Track_ID,Title,Release_Date,Release_Type_EN,Release_Type_UA,Author,Youtube_URL,Soundcloud_URL,Bandcamp_URL,Order
mus-28,Protected from the Homeland,2026,Original Documentary Soundtrack,Оригінальний саундтрек,Alexander Stratonov,https://www.youtube.com/playlist?list=PLNGYoNoNF7O8,https://soundcloud.com/ephtrackx/sets/protected-from-the-homeland,https://ephtrackx.bandcamp.com/album/protected-from-the-homeland-original-documentary-soundtrack,1
mus-27,Rebuilding on the Edge,2026,Original Documentary Soundtrack,Оригінальний саундтрек,Alexander Stratonov,https://www.youtube.com/playlist?list=PLbUjLLHnIC0PWOT-kEq2nvv6D3JQjQwYm,https://soundcloud.com/ephtrackx/sets/rebuilding-on-the-edge,https://ephtrackx.bandcamp.com/album/rebuilding-on-the-edge-original-documentary-soundtrack,2
mus-26,Spider and Other Unpunished,2025,Original Documentary Soundtrack,Оригінальний саундтрек,Alexander Stratonov,https://www.youtube.com/playlist?list=PLbUjLLHnIC0MojLNysg8qxpGkk__K4xGk,https://soundcloud.com/ephtrackx/sets/spider-and-other-unpunished-original-documentary-soundtrack,https://ephtrackx.bandcamp.com/album/spider-and-other-unpunished-original-documentary-soundtrack,3
mus-25,Nalbuphine: Profitable Addiction,2025,Original Documentary Soundtrack,Оригінальний саундтрек,Alexander Stratonov,https://www.youtube.com/playlist?list=PLbUjLLHnIC0PwI_bWuiMIUO9fW1HMB35p,https://soundcloud.com/ephtrackx/sets/nalbuphine-profitable-addiction-original-documentary-soundtrack,https://ephtrackx.bandcamp.com/album/nalbuphine-profitable-addiction-original-documentary-soundtrack,4
mus-24,MMXXII,2025,Album,Альбом,Alexander Stratonov,https://www.youtube.com/playlist?list=PLbUjLLHnIC0PZd80MbEVs93aBM4fahv0s,https://soundcloud.com/ephtrackx/sets/mmxxii,https://ephtrackx.bandcamp.com/album/mmxxii,5
mus-23,West of East,2025,Original Documentary Soundtrack,Оригінальний саундтрек,Alexander Stratonov,https://www.youtube.com/playlist?list=PLbUjLLHnIC0MbCTUQc2w_KqJB91HSyhBM,https://soundcloud.com/ephtrackx/sets/west-of-east-original-documentary-soundtrack,https://ephtrackx.bandcamp.com/album/west-of-east-original-documentary-soundtrack,6
mus-22,"Call Sign ""Batman""",2024,Original Documentary Soundtrack,Оригінальний саундтрек,Alexander Stratonov,https://www.youtube.com/playlist?list=PLbUjLLHnIC0PoNov8eUk5LY_uEgc0un1H,https://soundcloud.com/ephtrackx/sets/call-sign-batman-original-documentary-soundtrack,https://ephtrackx.bandcamp.com/album/call-sign-batman-original-documentary-soundtrack,7
mus-21,Kamikaze Drones,2024,Original Documentary Soundtrack,Оригінальний саундтрек,Alexander Stratonov,https://www.youtube.com/playlist?list=PLbUjLLHnIC0P-AVbDyl7bAAA6E9HuJG1K,https://soundcloud.com/ephtrackx/sets/kamikaze-drones-original-documentary-series-soundtrack,https://ephtrackx.bandcamp.com/album/kamikaze-drones-original-documentary-series-soundtrack,8
mus-20,Against the Gale,2024,Single,Сингл,Alexander Stratonov,https://youtu.be/amCcOjoEijk,https://on.soundcloud.com/ye5Ena81yO1MVbsa13,https://ephtrackx.bandcamp.com/track/against-the-gale,9
mus-19,Inglorious Officers: Russian Torturers in Kherson,2024,Original Documentary Soundtrack,Оригінальний саундтрек,Alexander Stratonov,https://www.youtube.com/playlist?list=PLbUjLLHnIC0NLS0rEgYTJtKURe956zuOs,https://soundcloud.com/ephtrackx/sets/inglorious-officers-original-soundtrack,https://ephtrackx.bandcamp.com/album/inglorious-officers-russian-torturers-in-kherson-original-documentary-soundtrack,10
mus-18,Threads of Ember,2024,Single,Сингл,Alexander Stratonov,https://youtu.be/LcyqAnK8X5o,https://soundcloud.com/ephtrackx/threads-of-ember,https://ephtrackx.bandcamp.com/track/threads-of-ember,11
mus-17,Do You See the Light?,2023,Single,Сингл,Alexander Stratonov,https://youtu.be/aH-BiQ3Ccus,https://soundcloud.com/ephtrackx/do-you-see-the-light,https://ephtrackx.bandcamp.com/track/do-you-see-the-light,12
mus-16,Maple: To Identify a War Criminal,2023,Original Documentary Soundtrack,Оригінальний саундтрек,Alexander Stratonov,https://www.youtube.com/playlist?list=PLbUjLLHnIC0PA8XxYJfG_Cdp4i1FnNaVD,https://soundcloud.com/ephtrackx/sets/maple-soundtrack,https://ephtrackx.bandcamp.com/album/maple-to-identify-a-war-criminal-original-documentary-soundtrack,13
mus-15,Reykjavik,2023,Single,Сингл,Alexander Stratonov,https://youtu.be/fnfJs5lxK6c,https://soundcloud.com/ephtrackx/reykjavik,https://ephtrackx.bandcamp.com/track/reykjavik,14
mus-14,Queue to Say Goodbye,2023,Original Documentary Soundtrack,Оригінальний саундтрек,Alexander Stratonov,https://www.youtube.com/playlist?list=PLbUjLLHnIC0MdBM_v6D-JW6g9r1p_qni5,https://soundcloud.com/ephtrackx/sets/queue-to-say-goodbye-original-soundtrack,https://ephtrackx.bandcamp.com/album/queue-to-say-goodbye-original-soundtrack,15
mus-13,It Will Haunt You,2023,Single,Сингл,Alexander Stratonov,https://youtu.be/W1bb94a-JOw,https://on.soundcloud.com/Xo6hL2OzlZd9sxqtbj,https://ephtrackx.bandcamp.com/track/it-will-haunt-you,16
mus-12,Bucha: Final Destination,2023,Original Documentary Soundtrack,Оригінальний саундтрек,Alexander Stratonov,https://www.youtube.com/playlist?list=PLbUjLLHnIC0OeqFBqOyGJLDdhm74Zf0xI,https://soundcloud.com/ephtrackx/sets/bucha-final-destination-original-soundtrack,https://ephtrackx.bandcamp.com/album/bucha-final-destination-original-documentary-soundtrack,17
mus-11,Demos & Sketches 2022,2022,Album,Альбом,Alexander Stratonov,,https://soundcloud.com/ephtrackx/sets/demos-and-sketches,https://ephtrackx.bandcamp.com/album/demos-sketches-2022,18
mus-10,Notes Under the Cherry Tree,2022,Original Documentary Soundtrack,Оригінальний саундтрек,Alexander Stratonov,,,https://ephtrackx.bandcamp.com/album/notes-under-the-cherry-tree-original-documentary-soundtrack,19
mus-09,Survivor's Diary,2022,Original Documentary Soundtrack,Оригінальний саундтрек,Alexander Stratonov,https://www.youtube.com/playlist?list=PLbUjLLHnIC0OoThBpQLsT5gZ1KbUVDehd,https://soundcloud.com/ephtrackx/sets/survivors-diary-original-soundtrack,https://ephtrackx.bandcamp.com/album/survivors-diary-original-documentary-soundtrack,20
mus-08,Bucha 22,2022,Original Documentary Soundtrack,Оригінальний саундтрек,Alexander Stratonov,https://www.youtube.com/playlist?list=PLbUjLLHnIC0OCCxU4qdMCItUU2N0PJHzU,https://soundcloud.com/ephtrackx/sets/bucha-22-original-soundtrack,https://ephtrackx.bandcamp.com/album/bucha-22-original-documentary-soundtrack,21
mus-07,X,2015,Album,Альбом,acloneofmyown,https://www.youtube.com/playlist?list=PLnYfyoW_g7iNeFJUCarBkAuplPoSqZ0pi,https://soundcloud.com/acloneofmyown/sets/2015-x?si=dcb373621ec74ca3915658c4f0c2c0be&utm_source=clipboard&utm_medium=text&utm_campaign=social_sharing,https://acloneofmyown.bandcamp.com/album/x,22
mus-06,The Deep,2013,EP,EP,acloneofmyown,,https://soundcloud.com/acloneofmyown/sets/the-deep-ep?si=559226048fde4edf8f80346a591945fc&utm_source=clipboard&utm_medium=text&utm_campaign=social_sharing,https://acloneofmyown.bandcamp.com/album/the-deep-ep,23
mus-05,Persephone,2011,EP,EP,acloneofmyown,,https://soundcloud.com/acloneofmyown/sets/2011-persephone-ep?si=8526d72690c94f8e99a47820b0be6ebc&utm_source=clipboard&utm_medium=text&utm_campaign=social_sharing,https://acloneofmyown.bandcamp.com/album/persephone-ep,24
mus-04,acloneofmyown,2009,Album,Альбом,acloneofmyown,,https://soundcloud.com/acloneofmyown/sets/2009-acloneofmyown?si=a9907b632c6b4c85a8a5d665742f5b62&utm_source=clipboard&utm_medium=text&utm_campaign=social_sharing,https://acloneofmyown.bandcamp.com/album/acloneofmyown,25
mus-03,Unreleased Demos,2009,EP,EP,the Sky is Red,https://www.youtube.com/playlist?list=PLikuu98ZWnKdbv_EQz8p7Qu8g94xstx83,,https://theskyisred.bandcamp.com/album/unreleased-demos,26
mus-02,Легко вбивати кохання,2008,EP,EP,the Sky is Red,https://www.youtube.com/playlist?list=PLikuu98ZWnKek7fK-t6w-mb6qCJXxqByG,,https://theskyisred.bandcamp.com/album/ep,27
mus-01,The Room,2007,Album,Альбом,acloneofmyown,,,https://acloneofmyown.bandcamp.com/album/the-room,28